 ,Before dim reduction,After dim reduction
Accuracy,0.9559477124183007,0.6215686274509804
Train time,4.93991231918335,0.3777899742126465
Test time,2.2678025722503663,0.20479955673217773
